{"cameraMode":{"drawMode":0,"name":"Shaded","section":"Shading Mode"},"sceneLighting":false,"audioPlay":false,"sceneViewState":{"m_AlwaysRefresh":false,"showFog":true,"showSkybox":false,"showFlares":true,"showImageEffects":true,"showParticleSystems":true,"showVisualEffectGraphs":true,"m_FxEnabled":true},"in2DMode":false,"pivot":{"x":0.042262375354766849,"y":0.526183009147644,"z":0.7674887776374817},"rotation":{"x":-0.35296308994293215,"y":0.6433787941932678,"z":-0.4363182485103607,"w":-0.5207773447036743},"size":0.2437329888343811,"orthographic":false}